source_index,meetup_id,name,city,source_country,catalog_country,decision,url,note
1,38660808,AWS User Group Mukono,Kampala,UG,,exclude,https://www.meetup.com/aws-user-group-mukono/,
2,38682221,AWS AI User Group GuatemaIA,Guatemala,GT,GT,include,https://www.meetup.com/aws-ai-user-group-guatemaia/,
3,38698434,AWS Community Bay Area,San Mateo,US,,exclude,https://www.meetup.com/aws-community-bay-area/,
4,38687972,AWS Mississauga  User Group,Mississauga,CA,,exclude,https://www.meetup.com/meetup-group-lgybodvb/,
5,38511458,AWS User Group Jaffna,Jaffna,LK,,exclude,https://www.meetup.com/awsugjaffna/,
6,38680647,AWS User Group AWSpectrum,México City,MX,MX,include,https://www.meetup.com/aws-user-group-awspectrum/,
7,32298385,AWS User Group Santo Domingo,Santo Domingo,DO,DO,include,https://www.meetup.com/awsusergroupsantodomingo/,
8,38669116,AWS USER GROUP BOCHUM,Bochum,DE,,exclude,https://www.meetup.com/bochum-meetup-and-explore-the-community-meetup-group/,
9,38600158,AWS Tech Girls,México City,MX,MX,include,https://www.meetup.com/aws-tech-girls/,
10,38670599,AWS User Group AGS,Aguascalientes,MX,MX,include,https://www.meetup.com/meetup-group-sxogrdde/,
11,38606044,AWS San Francisco User Group,San Francisco,US,,exclude,https://www.meetup.com/aws-san-francisco-user-group/,
12,38440954,AWS User Group Santa Rita do Sapucaí,Santa Rita do Sapucaí,BR,BR,include,https://www.meetup.com/aws-user-group-santa-rita-do-sapucai/,
13,38639123,AWS User Group - Waterloo,Waterloo,CA,,exclude,https://www.meetup.com/aws-waterloo/,
14,38631294,AWS UG Women in Tech Islamabad,Islamabad,PK,,exclude,https://www.meetup.com/aws-ug-women-in-tech-islamabad/,
15,38230570,AWS User Group Laos,Vientiane,LA,,exclude,https://www.meetup.com/aws-user-group-laos/,
16,10521912,Portland AWS User Group,Portland,US,,exclude,https://www.meetup.com/aws-portland/,
17,38487966,AWS User Group Fortaleza,Fortaleza,BR,BR,include,https://www.meetup.com/aws-user-group-fortaleza/,
18,38623338,AWS Twin Cities User Group,Minneapolis,US,,exclude,https://www.meetup.com/aws-twin-cities-user-group/,
19,11510942,AWS User Group East Bay,Pleasanton,US,,exclude,https://www.meetup.com/awsugeastbay/,
20,37755453,AWS Security UserGroup Argentina,Buenos Aires,AR,AR,include,https://www.meetup.com/aws-security-usergroup-argentina/,
21,38575075,AWS User Group Faisalabad,Faisalabad,PK,,exclude,https://www.meetup.com/aws-user-group-faisalabad/,
22,38547721,AWS User Group Artificial Intelligence Bolivia,Santa Cruz,BO,BO,include,https://www.meetup.com/aws-user-group-artificial-intelligence-bolivia/,
23,38500495,AWS User Group Atibaia - SP,Atibaia,BR,BR,include,https://www.meetup.com/aws-user-group-atibaia-sp/,
24,38529970,AWS User Group Niš,Niš,RS,,exclude,https://www.meetup.com/aws-user-group-niš/,
25,38569107,AWS User Group Honduras,Tegucigalpa,HN,HN,include,https://www.meetup.com/aws-user-group-honduras/,
26,38607333,AWS User Group Jamaica,Kingston,JM,JM,include,https://www.meetup.com/kingston-recommender-systems-meetup-group/,
27,38531530,AWS User Group Bodensee,Friedrichshafen,DE,,exclude,https://www.meetup.com/aws-user-group-bodensee/,
28,38577984,awsugpg,Penang,MY,,exclude,https://www.meetup.com/aws-user-group-penang/,
29,38603869,Ibadan AWS Users Meetup Group,Ibadan,NG,,exclude,https://www.meetup.com/ibadan-aws-users-meetup-group/,
30,38052944,AWS User Group Rajkot,Rajkot,IN,,exclude,https://www.meetup.com/aws-user-group-rajkot/,
31,38300714,AWS User Group Kozhikode,Kozhikode,IN,,exclude,https://www.meetup.com/awsugkozhikode/,
32,38538272,AWS User Group Jogja,Yogyakarta,ID,,exclude,https://www.meetup.com/awsugjogja/,
33,38592759,AWS Detroit User Group,Detroit,US,,exclude,https://www.meetup.com/detroit-aws-user-group/,
34,38547665,AWS User Group Ciudad de México,México City,MX,MX,include,https://www.meetup.com/awsugcdmx/,
35,38547736,AWS User Group Oaxaca México,Oaxaca,MX,MX,include,https://www.meetup.com/aws-user-group-oaxaca-mexico/,
36,35935867,Amazon Connect User Group - Americas (Virtual),Cumming,US,,exclude,https://www.meetup.com/amazon-connect-user-group-acug/,
37,38519948,AWS User Group Serverless Colombia,Bogotá,CO,CO,include,https://www.meetup.com/aws-user-group-serverless-colombia/,
38,38416057,AWS UG Andorra,Andorra la Vella,AD,,exclude,https://www.meetup.com/aws-ug-andorra/,
39,38292797,AWS User Group Bhopal,Bhopal,IN,,exclude,https://www.meetup.com/aws-user-group-bhopal/,
40,38531767,AWS User Group Bali,Denpasar,ID,,exclude,https://www.meetup.com/awsugbali/,
41,38537950,AWS User Group Women in AI Cambridge,Cambridge,US,,exclude,https://www.meetup.com/aws-user-group-women-in-ai-cambridge/,
42,36761065,Santa Cruz DeepRacer Meetup Group,Santa Cruz,US,,exclude,https://www.meetup.com/santa-cruz-deepracer-meetup-group/,
43,38463813,AWS UG Santa Marta,Santa Marta,CO,CO,include,https://www.meetup.com/aws-ug-santa-marta/,
44,38409111,AWS User Group Piura,Piura,PE,PE,include,https://www.meetup.com/aws-user-group-piura/,
45,38516868,AWS AI User Group Argentina,Córdoba,AR,AR,include,https://www.meetup.com/aws-ai-user-group-argentina/,
46,38423499,AWS User Group Canindeyú,Salto del Guairá,PY,PY,include,https://www.meetup.com/aws-user-group-canindeyu/,
47,38436967,AWS User Group São Roque,São Paulo,BR,BR,include,https://www.meetup.com/aws-user-group-sao-roque/,
48,38234393,AWS La Plata Colombia Meetup Group,La Plata,CO,CO,include,https://www.meetup.com/aws-la-plata-colombia-meetup-group/,
49,38447330,AWS User Group Tupaciguara,Tupaciguara,BR,BR,include,https://www.meetup.com/aws-user-group-tupaciguara/,
50,38396044,AWS User Group Coração do Rio Grande,Santa Maria,BR,BR,include,https://www.meetup.com/aws-user-group-coracao-do-rio-grande/,
51,38449161,AWS Women User Group Goiânia,Goiania,BR,BR,include,https://www.meetup.com/aws-women-user-group-goiania/,
52,38348069,AWS User Group Passo Fundo,Passo Fundo,BR,BR,include,https://www.meetup.com/aws-user-group-passo-fundo/,
53,37973614,AWS User Group Anápolis,Anápolis,BR,BR,include,https://www.meetup.com/aws-user-group-anapolis/,
54,38180199,AWS User Group Nagpur,Nagpur,IN,,exclude,https://www.meetup.com/awsugnagpur/,
55,38240816,AWS User Group Colima,Colima,MX,MX,include,https://www.meetup.com/aws-user-group-colima/,
56,38480753,AWS User Group Cardenas,Cárdenas,MX,MX,include,https://www.meetup.com/aws-ug-cardenas/,
57,38295917,"AWS User Group, Mysuru",Mysore,IN,,exclude,https://www.meetup.com/awsugmys/,
58,38232569,AWS Users Group Minatitlán,Minatitlán,MX,MX,include,https://www.meetup.com/aws-users-group-minatitlan/,
59,38244720,AWS User Group Security Colombia,Bogotá,CO,CO,include,https://www.meetup.com/aws-user-group-security-colombia/,
60,38396069,AWS User Group South Tamaulipas,Tampico,MX,MX,include,https://www.meetup.com/aws-south-tamaulipas-user-group/,
61,38420847,Atlanta AWS User Group,Atlanta,US,,exclude,https://www.meetup.com/atlanta-aws-user-group/,
62,38294375,AWS User Group Castanhal,Castanhal,BR,BR,include,https://www.meetup.com/aws-user-group-castanhal/,
63,38179309,AWS User Group Sorocaba,São Paulo,BR,BR,include,https://www.meetup.com/aws-user-group-sorocaba/,
64,38288649,AWS User Group São Lourenço,São Lourenço,BR,BR,include,https://www.meetup.com/aws-user-group-sao-lourenco/,
65,38231215,AWS User Group - Istanbul,Istanbul,TR,,exclude,https://www.meetup.com/meetup-group-qxmdkdal/,
66,7835502,The Houston Amazon Web Services (AWS) Group,Houston,US,,exclude,https://www.meetup.com/AWS-Houston/,
67,38349798,AWS User Group Security Ecuador,Guayaquil,EC,EC,include,https://www.meetup.com/aws-user-group-security-ecuador/,
68,38400597,AWS User Group Playa Vicente,Playa Vicente,MX,MX,include,https://www.meetup.com/aws-user-group-playa-vicente/,
69,38367721,AWS AI User Group Hong Kong,Hong Kong,HK,,exclude,https://www.meetup.com/aws-ai-user-group-hong-kong/,
70,38370769,AI AWS UG Colombia,Colombia,CO,CO,include,https://www.meetup.com/ai-aws-colombia/,
71,38388489,AWS West Palm Beach User Group,West Palm Beach,US,,exclude,https://www.meetup.com/aws-west-palm-beach-user-group/,
72,38382746,AWS Boise User Group,Boise,US,,exclude,https://www.meetup.com/aws-boise-user-group/,
73,37886091,AWS User Group Tlaxcala FireflyCloud,Tlaxcala,MX,MX,include,https://www.meetup.com/fb83c392-728a-42dc-9a3f-7d351301e452/,
74,38371742,AWS Sioux Falls User Group,Sioux Falls,US,,exclude,https://www.meetup.com/aws-sioux-falls-user-group/,
75,38376396,AWS User Group Tuxtla Gutiérrez,Tuxtla Gutiérrez,MX,MX,include,https://www.meetup.com/aws-user-group-tuxtla-gutierrez/,
76,38366290,AWS User Group Women in Tech Ontario,Mississauga,CA,,exclude,https://www.meetup.com/aws-women-in-tech-user-group-ontario/,
77,38324607,AWS User Group Quito,Quito,EC,EC,include,https://www.meetup.com/aws-user-group-quito/,
78,38262492,AWS User Group Pangasinan,Dagupan,PH,,exclude,https://www.meetup.com/aws-user-group-pangasinan/,
79,37461270,AWS User Group Tlaxcala | Mxintech,Tlaxcala,MX,MX,include,https://www.meetup.com/aws-user-group-tlaxcala/,
80,38020864,AWS User Group Rzeszów PL,Rzeszów,PL,,exclude,https://www.meetup.com/aws-rzeszow/,
81,38173105,AWS User Group Pasto,Pasto,CO,CO,include,https://www.meetup.com/aws-user-group-pasto/,
82,38328979,AWS User Group: Chaclacayo,Chaclacayo,PE,PE,include,https://www.meetup.com/aws-user-group-chaclacayo/,
83,37999600,AWS User Group Arequipa,Arequipa,PE,PE,include,https://www.meetup.com/aws-user-group-arequipa/,
84,31558228,AWS User Group Alpharetta,Alpharetta,US,,exclude,https://www.meetup.com/aws-user-group-alpharetta/,
85,32418018,Boulder AWS User Group (BAWSUG),Boulder,US,,exclude,https://www.meetup.com/boulderawsusergroup/,
86,38239488,AWS Women in Cloud Buenos Aires - Meetup,Buenos Aires,AR,AR,include,https://www.meetup.com/aws-women-in-cloud-buenos-aires-meetup/,
87,18528920,AWS User Group West Midlands,Birmingham,GB,,exclude,https://www.meetup.com/aws-user-group-west-midlands/,
88,38226819,AWS User Group Zilina,Zhilina,SK,,exclude,https://www.meetup.com/aws-usergroup-zilina/,
89,38083158,AWS User Group Salerno,Salerno,IT,,exclude,https://www.meetup.com/aws-user-group-salerno/,
90,38270284,AWS Denver Area User Group,Denver,US,,exclude,https://www.meetup.com/aws-denver-area-user-group/,
91,38192877,AWS USER GROUP TRIPOLI,Tripoli,LY,,exclude,https://www.meetup.com/aws-user-group-community-bulder-libya/,
92,37648650,AWS Global Community Gatherings,Osaka,JP,,exclude,https://www.meetup.com/awsglobalcommunitygatherings/,
93,10649082,AWS User Group Las Vegas,Las Vegas,US,,exclude,https://www.meetup.com/aws-lasvegas/,
94,38243169,AWS User Group Galicia,A Coruña,ES,,exclude,https://www.meetup.com/aws-ug-galicia/,
95,38229263,"AWS User Group AI/ML, Kuala Lumpur",Kuala Lumpur,MY,,exclude,https://www.meetup.com/awsug-aiml-my/,
96,38245071,AWS User Group Peshawar,Peshawar,PK,,exclude,https://www.meetup.com/aws-user-group-peshawar/,
97,19083318,Knoxville Amazon Web Services Meetup,Knoxville,US,,exclude,https://www.meetup.com/Knoxville-Amazon-Web-Services-Meetup/,
98,38088454,AWS User Group - Málaga,Málaga,ES,,exclude,https://www.meetup.com/aws-user-group-malaga/,
99,38043661,AWS User Group Damascus,Duma,SY,,exclude,https://www.meetup.com/aws-user-group-damascus/,
100,17762672,Copenhagen AWS User Group,Copenhagen,DK,,exclude,https://www.meetup.com/Copenhagen-AWS-User-Group/,
101,33011037,Ivano-Frankivsk AWS User Group,Ivano-Frankivs'k,UA,,exclude,https://www.meetup.com/ivano-frankivsk-amazon-web-services-meetup-group/,
102,38161060,Piracicaba-SP,Piracicaba,BR,BR,include,https://www.meetup.com/piracicaba-sp/,
103,38228340,AWS User Group Bandung,Bandung,ID,,exclude,https://www.meetup.com/aws-user-group-bandung/,
104,38210553,AWS User Group Manta,Manta,EC,EC,include,https://www.meetup.com/aws-user-group-manta/,
105,28739866,San Antonio AWS Users,San Antonio,US,,exclude,https://www.meetup.com/san-antonio-aws-users-group/,
106,38188393,AWS User Group Chiclayo,Chiclayo,PE,PE,include,https://www.meetup.com/aws-user-group-chiclayo/,
107,38144016,AWS User Group ABC Paulista,São Bernardo do Campo,BR,BR,include,https://www.meetup.com/aws-user-group-abc-paulista/,
108,37790902,AWS User Group Santa Cruz de la Sierra,Santa Cruz,BO,BO,include,https://www.meetup.com/user-group-santa-cruz/,
109,38209083,AWS User Group Windhoek,Windhoek,NA,,exclude,https://www.meetup.com/aws-user-group-windhoek/,
110,38225847,AWS Northern Delaware User Group,Wilmington,US,,exclude,https://www.meetup.com/aws-northern-delaware-user-group/,
111,38202349,AWS WOMEN USER GROUP ABUJA,Abuja,NG,,exclude,https://www.meetup.com/aws-women-user-group-abujja/,
112,23404421,Strasbourg AWS User Group,Strasbourg,FR,,exclude,https://www.meetup.com/strasbourg-aws-user-group/,
113,38192175,AWS User Group Bucaramanga,Bucaramanga,CO,CO,include,https://www.meetup.com/awsugbga/,
114,38218439,AWS Fredericton User Group,Fredericton,CA,,exclude,https://www.meetup.com/aws-fredericton-user-group/,
115,37867963,AWS Central New Jersey User Group,North Brunswick,US,,exclude,https://www.meetup.com/aws-central-new-jersey-user-group/,
116,27589019,AWS User Group PITTSBURGH - WE'RE BACK!,Pittsburgh,US,,exclude,https://www.meetup.com/pittsburgh-amazon-web-services-aws-users/,
117,18456390,Amazon Web Services - Gold Coast User Group,Gold Coast,AU,,exclude,https://www.meetup.com/awsgoldcoast/,
118,18551536,AWS User Group Hong Kong,Hong Kong,HK,,exclude,https://www.meetup.com/hong-kong-amazon-aws-user-group/,
119,37964078,AWS User Group Innlandet (Norway),Hamar,NO,,exclude,https://www.meetup.com/aws-user-group-innlandet-norway/,
120,38087747,AWS User Group Sucre,Sucre,BO,BO,include,https://www.meetup.com/aws-user_group-sucre/,
121,38197804,AWS User Group Baixada Santista,Santos,BR,BR,include,https://www.meetup.com/aws-user-group-baixada-santista/,
122,38190499,AWS USER GROUP MOSQUERA CUNDINAMARCA,Mosquera,CO,CO,include,https://www.meetup.com/aws-user-group-tolima-y-cundinamrca/,
123,37777169,AWS User Group João Pessoa,João Pessoa,BR,BR,include,https://www.meetup.com/aws-user-group-joao-pessoa/,
124,38184668,AWS User Group Vale do Paraíba,São José dos Campos,BR,BR,include,https://www.meetup.com/aws-user-group-vale-do-paraiba/,
125,18646699,AWS Chicago Western Suburbs,Naperville,US,,exclude,https://www.meetup.com/aws_chicago_western_suburbs/,
126,31734238,Richmond AWS User Group,Richmond,US,,exclude,https://www.meetup.com/rawsugar/,
127,8108762,Austin AWS Users,Austin,US,,exclude,https://www.meetup.com/austin-aws-users/,
128,37908122,AWS User Groups - Udaipur,Udaipur,IN,,exclude,https://www.meetup.com/aws-user-groups-udaipur/,
129,38152928,AWS User Group Kharkiv,Kharkiv,UA,,exclude,https://www.meetup.com/aws-user-group-kharkiv/,
130,38090333,AWS User Group Valle del Cauca,Cali,CO,CO,include,https://www.meetup.com/aws-user-group-valle-del-cauca/,
131,19641212,AWS Swiss User Group – Geneva,Genève,CH,,exclude,https://www.meetup.com/aws-swiss-user-group-geneva/,
132,38123462,AWS User Group Cascavel,Cascavel,BR,BR,include,https://www.meetup.com/aws-user-group-cascavel/,
133,38146871,AWS user group Chihuahua,Chihuahua,MX,MX,include,https://www.meetup.com/aws-user-group-chihuahua/,
134,38154922,AWS User Group Seridó e Sabugy,Santa Luzia,BR,BR,include,https://www.meetup.com/aws-user-group-serido-e-sabugy/,
135,37895472,AWS User Group Kanpur,Kanpur,IN,,exclude,https://www.meetup.com/aws-user-group-kanpur/,
136,32894276,AWS User Group Vilnius,Vilnius,LT,,exclude,https://www.meetup.com/aws-user-group-vilnius-lithuania/,
137,38101147,AWS Mississauga User Group,Mississauga,CA,,exclude,https://www.meetup.com/aws-mississauga-user-group/,
138,37857126,AWS Women's User Group UAE,Dubai,AE,,exclude,https://www.meetup.com/aws-womens-user-group-uae/,
139,37867222,AWS User Group - Casablanca,Casablanca,MA,,exclude,https://www.meetup.com/aws-user-group-casablanca/,
140,37516396,AWS Barranquilla,Barranquilla,CO,CO,include,https://www.meetup.com/aws-barranquilla/,
141,38110421,AWS UG Morelos,Cuernavaca,MX,MX,include,https://www.meetup.com/aws-ug-morelos/,
142,38110134,AWS User Group Ankara,Ankara,TR,,exclude,https://www.meetup.com/ankara-aws-user-group/,
143,38049934,CreaTicas  AWS User Group,San Jose,CR,CR,include,https://www.meetup.com/chiapa-uk-aws-users-meetup-group/,
144,38089726,AWS pre:Invent Warmup Community,Košice,SK,,exclude,https://www.meetup.com/preinvent-warmup-community/,
145,37891503,AWS User Group Baku,Baku,AZ,,exclude,https://www.meetup.com/aws-baku/,
146,30621468,Surat AWS User Group,Surat,IN,,exclude,https://www.meetup.com/surat-aws-user-group/,
147,10102802,Amazon Web Services (AWS) Delhi,Delhi,IN,,exclude,https://www.meetup.com/AmazonAWS-Delhi/,
148,37815535,AWS User Group Joinville,Joinville,BR,BR,include,https://www.meetup.com/aws-user-group-joinville/,
149,37639312,AWS User Group Sergipe,Aracaju,BR,BR,include,https://www.meetup.com/aws-user-group-sergipe/,
150,26585775,AWS User Group Mumbai,Mumbai,IN,,exclude,https://www.meetup.com/awsugmum/,
151,32428373,AWS Curitiba User Group,Curitiba,BR,BR,include,https://www.meetup.com/aws-curitiba-user-group/,
152,36775479,Miami AWS User Group,Miami,US,,exclude,https://www.meetup.com/aws-miami-user-group/,
153,37957952,AWS Girls Bolivia,La Paz,BO,BO,include,https://www.meetup.com/aws-girls-bolivia/,
154,37992902,AWS London ON User Group,London,CA,,exclude,https://www.meetup.com/aws-london-on-user-group/,
155,37423217,AWS User Group Ensenada,Ensenada,MX,MX,include,https://www.meetup.com/aws-user-group-ensenada/,
156,37181862,AWS User Group Alto Tietê,Mogi das Cruzes,BR,BR,include,https://www.meetup.com/aws-user-group-alto-tiete/,
157,37875717,AWS UG Cúcuta,Cúcuta,CO,CO,include,https://www.meetup.com/aws-ug-cucuta/,
158,37959261,AWS Women's User Group Sweden,Stockholm,SE,,exclude,https://www.meetup.com/aws-womens-user-group-sweden/,
159,18541179,AWS User Group Turkey,Istanbul,TR,,exclude,https://www.meetup.com/aws-user-group-turkey/,
160,9933472,AWS Canberra User Group,Canberra,AU,,exclude,https://www.meetup.com/awscbr/,
161,37793270,AWS User Group Cancun,Cancun,MX,MX,include,https://www.meetup.com/aws-user-group-cancun/,
162,16106752,AWS Transylvania Cloud,Cluj-Napoca,RO,,exclude,https://www.meetup.com/transylvaniacloud/,
163,37840528,Letterkenny AWS User Group,Letterkenny,IE,,exclude,https://www.meetup.com/letterkenny-aws-users-meetup-group/,
164,18527873,AWS Des Moines,Des Moines,US,,exclude,https://www.meetup.com/AWS-User-Group-Des-Moines/,
165,37627266,AWS User Group Chimaltenango,Chimaltenango,GT,GT,include,https://www.meetup.com/aws-chimaltenango/,
166,37870625,AWS User Group AI ML Kenya,Méru,KE,,exclude,https://www.meetup.com/aws-user-group-ai-ml-kenya/,
167,10537932,AWS User Group Toronto,Toronto,CA,,exclude,https://www.meetup.com/aws-ug-toronto/,
168,37846811,AWS User Group Lancashire,Burnley,GB,,exclude,https://www.meetup.com/aws-user-group-lancashire/,
169,37842129,Mulhouse AWS User Group,Mulhouse,FR,,exclude,https://www.meetup.com/mulhouse-aws-user-group/,
170,37889928,AWS Womens User Group Tunisia,Manzil Jamil,TN,,exclude,https://www.meetup.com/aws-womens-user-group-tunisia/,
171,37649503,Amazon Web Services (AWS) User Group - Plymouth,Plymouth,GB,,exclude,https://www.meetup.com/amazon-web-services-aws-user-group-plymouth/,
172,37880238,AWS User Group SLP,San Luis Potosi,MX,MX,include,https://www.meetup.com/aws-user-group-slp/,
173,37720498,AWS User Group Mixtli,Cholula,MX,MX,include,https://www.meetup.com/awsugmixtli/,
174,37807879,AWS User Group Hermosillo,Hermosillo,MX,MX,include,https://www.meetup.com/aws-user-group-hermosillo/,
175,37739735,AWS User Group León Gto,León,MX,MX,include,https://www.meetup.com/aws-user-group-leon-gto/,
176,27218142,AWS User Group Saarbrücken,Saarbrücken,DE,,exclude,https://www.meetup.com/aws-user-group-saarland/,
177,37833896,AWS Users Group Brazzaville,Brazzaville,CG,,exclude,https://www.meetup.com/aws-users-group-brazzaville/,
178,37331522,AWS User Group Kuopio,Kuopio,FI,,exclude,https://www.meetup.com/aws-meetup-kuopio/,
179,33204336,AWS User Group Zagreb,Zagreb,HR,,exclude,https://www.meetup.com/AWS-User-Group-Zg/,
180,18569165,AWS User Group Ticino,Lugano,CH,,exclude,https://www.meetup.com/aws-user-group-ticino/,
181,37412546,AWS User Group Kosice,Košice,SK,,exclude,https://www.meetup.com/aws-user-group-kosice/,
182,19054050,Dresden AWS User Group,Dresden,DE,,exclude,https://www.meetup.com/Dresden-AWS-User-Group/,
183,37555108,AWS User Group Örebro,Örebro,SE,,exclude,https://www.meetup.com/aws-user-group-orebro/,
184,37650878,AWS User Group Congo-Kinshasa,Kinshasa,CD,,exclude,https://www.meetup.com/aws-user-group-congo-kinshasa/,
185,37841917,AWS User Group Lebanon,Beirut,LB,,exclude,https://www.meetup.com/aws-ug-lb/,
186,37727329,AWS UG Trujillo,Trujillo,PE,PE,include,https://www.meetup.com/aws-ug-trujillo/,
187,18258892,Cambridge AWS User Group,Cambridge,GB,,exclude,https://www.meetup.com/cambridge-aws-user-group/,
188,26436332,AWS User Group Davao,Davao,PH,,exclude,https://www.meetup.com/aws-davao/,
189,27334394,AWS User Group BuildHers+ Philippines,Makati,PH,,exclude,https://www.meetup.com/awsug-buildhers/,
190,37793959,AWS User Group Montes Claros,Montes Claros,BR,BR,include,https://www.meetup.com/aws-user-group-montes-claros/,
191,37638188,AWS User Group Bristol,Bristol,GB,,exclude,https://www.meetup.com/aws-user-group-bristol/,
192,30411973,AWS User Group Padova,Padova,IT,,exclude,https://www.meetup.com/AWS-User-Group-Padova/,
193,19755876,Bordeaux AWS User Group,Bordeaux,FR,,exclude,https://www.meetup.com/bordeaux-amazon-web-services/,
194,17458192,AWS User Group Budapest,Budapest,HU,,exclude,https://www.meetup.com/aws-user-group-hungary/,
195,33113638,AWS User Group - Pavia,Pavia,IT,,exclude,https://www.meetup.com/awsusergrouppavia/,
196,37800154,AWS User Group Hong Kong Meetup,Hong Kong,HK,,exclude,https://www.meetup.com/aws-user-group-hong-kong-meetup/,
197,37742061,Aws User Group Maringá,Maringá,BR,BR,include,https://www.meetup.com/meetup-group-hafctguq/,
198,37755505,AWS User Group Piauí,Teresina,BR,BR,include,https://www.meetup.com/aws-user-group-piaui/,
199,37771114,AWS Users Group Neiva,Neiva,CO,CO,include,https://www.meetup.com/aws-users-group-neiva/,
200,37502677,AWS User Group Paraguay,Asunción,PY,PY,include,https://www.meetup.com/aws-ug-paraguay/,
201,37273222,AWS Las Palmas User Group,Las Palmas,ES,,exclude,https://www.meetup.com/aws-las-palmas-user-group/,
202,37640952,AWS User Group Cairo,Cairo,EG,,exclude,https://www.meetup.com/aws-ug-cairo/,
203,37771193,AWS Womens User Group Munich,München,DE,,exclude,https://www.meetup.com/aws-womens-user-group-munich/,
204,37637086,AWS User Group Olsztyn,Olsztyn,PL,,exclude,https://www.meetup.com/aws-user-group-olsztyn/,
205,37210739,AWS User Group Venezia,Venezia,IT,,exclude,https://www.meetup.com/aws-user-group-venezia/,
206,37751349,AWS User Group Orizaba,Orizaba,MX,MX,include,https://www.meetup.com/aws-user-group-orizaba/,
207,37645372,AWS User Group Białystok,Bialystok,PL,,exclude,https://www.meetup.com/aws-user-group-bialystok/,
208,37732110,AWS User Group Circuito das Águas Paulista,Águas de Lindóia,BR,BR,include,https://www.meetup.com/aws-user-group-circuito-das-aguas-paulista/,
209,37712872,AWS User Group Tacna,Tacna,PE,PE,include,https://www.meetup.com/aws-user-group-tacna/,
210,37715287,AWS User Group Women In Tech Nepal,Kathmandu,NP,,exclude,https://www.meetup.com/women-awsugnepal/,
211,37603519,AWS User Group Women in Tech Lahore,Lahore,PK,,exclude,https://www.meetup.com/aws-user-group-women-in-tech-lahore/,
212,28633829,AWS User Group Kyiv,Kyiv,UA,,exclude,https://www.meetup.com/aws-user-group-kyiv/,
213,37652537,Comunidad AWS Mérida Yucatán,Mérida,MX,MX,include,https://www.meetup.com/comunidad-aws-merida-yucatan/,
214,18607803,AWS Milwaukee,Milwaukee,US,,exclude,https://www.meetup.com/mkeaws/,
215,36028818,Brest AWS User Group,Brest,FR,,exclude,https://www.meetup.com/Brest-AWS-User-Group/,
216,9481842,AWS User Group Belgium,Brussels,BE,,exclude,https://www.meetup.com/aws-user-group-belgium/,
217,37671025,AWS User Group Los Angeles - AWS Builders LA,Los Angeles,US,,exclude,https://www.meetup.com/aws-builders-los-angeles/,
218,36162653,Cloud Del Norte,El Paso,US,,exclude,https://www.meetup.com/clouddelnorte/,
219,1788730,Advanced Amazon Web Services (AWS),San Francisco,US,,exclude,https://www.meetup.com/advancedaws/,
220,32771793,Poitiers AWS User Group,Poitiers,FR,,exclude,https://www.meetup.com/Poitiers-AWS-User-Group/,
221,37627593,AWS User Group Belém,Belém,BR,BR,include,https://www.meetup.com/awsbelem/,
222,37524358,Aws User Group Castelo Branco & Beira Baixa,Castelo Branco,PT,,exclude,https://www.meetup.com/aws-user-group-castelo-branco/,
223,19960929,AWS User Group Lisbon,Lisbon,PT,,exclude,https://www.meetup.com/aws-user-group-lisbon/,
224,37097107,AWS User Group Abidjan,Abidjan,CI,,exclude,https://www.meetup.com/groupe-meetup-abidjan-amazon-web-services/,
225,37644946,AWS Girls UG Uruguay,Montevideo,UY,UY,include,https://www.meetup.com/aws-girls-ug-uy/,
226,37619439,AWS User Group Addis Ababa,Addis Abeba,ET,,exclude,https://www.meetup.com/aws-user-group-addis-ababa/,
227,31254129,AWS EGYPT Meetup,Cairo,EG,,exclude,https://www.meetup.com/awsegyptmeetup/,
228,37350012,AWS User Group Cochabamba,Cochabamba,BO,BO,include,https://www.meetup.com/aws-user-group-cochabamba/,
229,19342690,AWS Usergroup Karlsruhe,Karlsruhe,DE,,exclude,https://www.meetup.com/aws-meetup-karlsruhe/,
230,37538633,AWS User Group Athens,Athens,GR,,exclude,https://www.meetup.com/aws-user-group-athens/,
231,9011772,AWS User Group France - Paris,Paris,FR,,exclude,https://www.meetup.com/french-aws-ug/,
232,32204415,AWS User Group Malta,Valletta,MT,,exclude,https://www.meetup.com/aws-user-group-malta/,
233,18738302,Frankfurt AWS User Group,Frankfurt,DE,,exclude,https://www.meetup.com/fra_aws/,
234,37079116,AWS User Group Bonn,Bonn,DE,,exclude,https://www.meetup.com/aws-bonn/,
235,37559163,AWS User Group: Ajolotes en la Nube,México City,MX,MX,include,https://www.meetup.com/ajolotesenlanube/,
236,37303161,AWS User Group Pune,Pune,IN,,exclude,https://www.meetup.com/aws-user-group-pune/,
237,11434442,AWS Sacramento | Official Events,Sacramento,US,,exclude,https://www.meetup.com/aws-sacramento/,
238,18557481,Charleston Amazon Web Services (AWS),Charleston,US,,exclude,https://www.meetup.com/chs-amazon-web-services/,
239,36653864,AWS User Group North East Scotland,Dundee,GB,,exclude,https://www.meetup.com/aws-user-group-north-east-scotland/,
240,31603043,Grenoble AWS User Group,Grenoble,FR,,exclude,https://www.meetup.com/grenoble-aws-user-group/,
241,30012115,AWS User Group Tampere,Tampere,FI,,exclude,https://www.meetup.com/AWS-User-Group-Tampere/,
242,36180468,AWS User Group Macedonia,Skopje,MK,,exclude,https://www.meetup.com/awsugmkd/,
243,2155511,AWS User Group Manchester,Manchester,GB,,exclude,https://www.meetup.com/aws-user-group-manchester/,
244,37499199,AWS User Group Łódź,Łódź,PL,,exclude,https://www.meetup.com/aws-user-group-lodz/,
245,30537326,AWS User Group - Torino,Torino,IT,,exclude,https://www.meetup.com/aws-user-group-torino/,
246,36906153,AWS User Group Astana,Astana,KZ,,exclude,https://www.meetup.com/aws-user-group-astana/,
247,36840851,AWS User Group Almaty,Almaty,KZ,,exclude,https://www.meetup.com/aws-user-group-almaty/,
248,20029775,AWS Zaragoza User Group ☁,Zaragoza,ES,,exclude,https://www.meetup.com/awszgz/,
249,37154686,AWS Women's User Group Berlin,Berlin,DE,,exclude,https://www.meetup.com/berlin-amazon-web-services-meetup-group/,
250,33112187,AWS User Group Ljubljana,Ljubljana,SI,,exclude,https://www.meetup.com/aws-user-group-ljubljana/,
251,29254749,AWS User Group Sheffield,Sheffield,GB,,exclude,https://www.meetup.com/awssheffield/,
252,37508892,AWS User Group Women In Tech India,Chennai,IN,,exclude,https://www.meetup.com/aws-user-group-women-in-tech-india/,
253,37054236,AWS User Group Heilbronn,Heilbronn,DE,,exclude,https://www.meetup.com/aws-user-group-heilbronn/,
254,1304559,NYC Amazon Web Services User Group & Forums,New York,US,,exclude,https://www.meetup.com/AWSnewyork/,
255,37294709,AWS User Group San José Costa Rica,San Jose,CR,CR,include,https://www.meetup.com/aws-user-group-san-jose-costa-rica/,
256,19365134,AWS User Group France - Nantes,Nantes,FR,,exclude,https://www.meetup.com/aws-nantes/,
257,35991708,Mzansi AWS,Johannesburg,ZA,,exclude,https://www.meetup.com/mzansi-aws/,
258,37457641,AWS User Goup Niger,Niamey,NE,,exclude,https://www.meetup.com/aws-user-goup-niger/,
259,22115378,NY Capital District AWS User Group,Albany,US,,exclude,https://www.meetup.com/ny-capital-district-aws-user-group/,
260,30533039,AWS User Group Braunschweig,Braunschweig,DE,,exclude,https://www.meetup.com/aws-braunschweig/,
261,19020752,Vancouver AWS User Group,Vancouver,CA,,exclude,https://www.meetup.com/VanAWSUG/,
262,37421778,Kampala AWS User Group Meetup Group,Kampala,UG,,exclude,https://www.meetup.com/kampala-aws-user-group-meetup-group/,
263,37418025,AWS User Group Tunisia,Tunis,TN,,exclude,https://www.meetup.com/aws-user-group-tunisia/,
264,29282204,AWS Cleveland User Group,Cleveland,US,,exclude,https://www.meetup.com/cleveland-aws-meetup/,
265,37321617,AWS User Group Pwani,Mombasa,KE,,exclude,https://www.meetup.com/awsugpwani/,
266,36114566,AWS UG Abu Dhabi,Abu Dhabi,AE,,exclude,https://www.meetup.com/abu-dhabi-aws-user-group/,
267,37407359,Tunisia Sfax AWS Meetup Group,Sfax,TN,,exclude,https://www.meetup.com/tunisia-sfax-aws-meetup-group/,
268,33226883,AWSusergroupCalabria,Rende,IT,,exclude,https://www.meetup.com/awsusergroupcalabria/,
269,18646017,Columbus AWS (Amazon Web Services) Meetup,Columbus,US,,exclude,https://www.meetup.com/columbus-aws-amazon-web-services-meetup/,
270,3913102,AWS Michigan,Ann Arbor,US,,exclude,https://www.meetup.com/aws-michigan/,
271,36866570,Jacksonville AWS User Group,Saint Johns,US,,exclude,https://www.meetup.com/jacksonville-aws/,
272,36775529,Orlando AWS User Group,Orlando,US,,exclude,https://www.meetup.com/orlandoaws/,
273,22457405,Tampa Bay AWS User Group,Tampa,US,,exclude,https://www.meetup.com/tampa-bay-aws/,
274,37295530,AWS User Group Villahermosa,Villahermosa,MX,MX,include,https://www.meetup.com/aws-ug-villahermosa/,
275,37180310,AWS User Group La Paz,La Paz,BO,BO,include,https://www.meetup.com/aws-user-group-la-paz/,
276,37011149,AWS User Group Silesia,Katowice,PL,,exclude,https://www.meetup.com/aws-user-group-silesia/,
277,37205025,AWS User Group Floripa,Florianópolis,BR,BR,include,https://www.meetup.com/aws-user-group-floripa/,
278,36629117,AWS User Group Triângulo Mineiro,Uberlandia,BR,BR,include,https://www.meetup.com/aws-user-group-triangulo-mineiro/,
279,37313883,AWS User Group Tubarão,Tubarão,BR,BR,include,https://www.meetup.com/tubaraoops/,
280,19641684,Grupo de usuarios AWS Colombia - Bogotá,Bogotá,CO,CO,include,https://www.meetup.com/AWS-Colombia-bogota/,
281,37296971,AWS User Group Warsaw,Warsaw,PL,,exclude,https://www.meetup.com/aws-user-group-warsaw/,
282,37062969,AWS User Group Asturias (Spain),Oviedo,ES,,exclude,https://www.meetup.com/aws-user-group-asturias/,
283,37303037,AWS User Group Sevilla,Sevilla,ES,,exclude,https://www.meetup.com/aws-user-group-sevilla/,
284,22922166,Mauritius AWS User Group,Moka,MU,,exclude,https://www.meetup.com/mauritius-aws-user-group/,
285,29393198,Amazon Web Services (AWS) User Group - Nepal,Kathmandu,NP,,exclude,https://www.meetup.com/amazon-web-services-aws-user-group-nepal/,
286,25493639,AWS Nigeria User Group,Lagos,NG,,exclude,https://www.meetup.com/aws-nigeria-user-group/,
287,37219423,AWS User Group Budapest (Containers and AI/ML),Budapest,HU,,exclude,https://www.meetup.com/aws-ug-containers/,
288,34943670,AWS User Group Lower Bavaria,Passau,DE,,exclude,https://www.meetup.com/niederbayern-aws-user-group/,
289,37115828,AWS Women Ecuador,Sangolquí,EC,EC,include,https://www.meetup.com/aws-women-ecuador/,
290,34235692,AWS User Group Palestine,Ramallah,PS,,exclude,https://www.meetup.com/aws-palestine/,
291,18248454,AWS User Group Stockholm,Stockholm,SE,,exclude,https://www.meetup.com/aws-stockholm/,
292,36964244,AWS User Group 3City,Gdansk,PL,,exclude,https://www.meetup.com/aws-user-group-3city/,
293,37086228,AWS UserGroup Foz do Iguaçu,Foz do Iguaçu,BR,BR,include,https://www.meetup.com/aws-usergroup-oeste-e-fronteiras/,
294,34134229,AWS User Group - Cyprus,Lemesos,CY,,exclude,https://www.meetup.com/aws-ug-cyprus/,
295,36297575,AWS User Group Dakar,Dakar,SN,,exclude,https://www.meetup.com/aws-user-group-dakar/,
296,36431095,AWS User Group Liberia,Monrovia,LR,,exclude,https://www.meetup.com/aws-liberia/,
297,36999143,AWS User Group Recife,Recife,BR,BR,include,https://www.meetup.com/aws-user-group-recife/,
298,37066483,AWS User Group Brasília,Brasília,BR,BR,include,https://www.meetup.com/aws-user-group-brasilia/,
299,37066772,AWS User Group Kigali,Kigali,RW,,exclude,https://www.meetup.com/aws-user-group-kigali/,
300,36818655,AWS UG Maputo,Maputo,MZ,,exclude,https://www.meetup.com/aws-maputo/,
301,1744630,AWS User Group Seattle | AWSUGSEA,Seattle,US,,exclude,https://www.meetup.com/aws-seattle-officialevents/,
302,9163532,AWS User Group - MegaManila && Philippines,Manila,PH,,exclude,https://www.meetup.com/AWS-User-Group-Philippines/,
303,13288402,AWS User Group Poland,Poznan,PL,,exclude,https://www.meetup.com/awsugpl/,
304,12853682,AWS User Group DFW - Dallas Fort Worth,Dallas,US,,exclude,https://www.meetup.com/aws-dallas/,
305,36938954,AWS User Group Islamabad,Islamabad,PK,,exclude,https://www.meetup.com/aws-user-group-islamabad/,
306,37013707,AWS User Group Salvador,Salvador,BR,BR,include,https://www.meetup.com/aws-user-group-salvador/,
307,19091469,Omaha Amazon Web Services Meetup,Elkhorn,US,,exclude,https://www.meetup.com/omaha-amazon-web-services-meetup/,
308,36307179,BelfAWSt User Group,Belfast,GB,,exclude,https://www.meetup.com/belfawst-meetup/,
309,13024512,AWS User Group Singapore,Singapore,SG,,exclude,https://www.meetup.com/aws-sg/,
310,18665581,Leipzig AWS User Group,Leipzig,DE,,exclude,https://www.meetup.com/aws-leipzig/,
311,18518749,AWS User Group Poland Kraków,Kraków,PL,,exclude,https://www.meetup.com/aws-user-group-krakow/,
312,35285141,AWS Yemen user group,Rochester,US,,exclude,https://www.meetup.com/aws-yemen-user-group/,
313,30426472,AWS Accra User Group,Accra,GH,,exclude,https://www.meetup.com/aws-accra/,
314,29972918,AWS User Group - Kenya,Nairobi,KE,,exclude,https://www.meetup.com/aws-user-group-nairobi/,
315,35744051,AWS User Group Benin,Johannesburg,ZA,,exclude,https://www.meetup.com/aws-user-group-benin/,
316,18711362,Nürnberg AWS User Group,Nürnberg,DE,,exclude,https://www.meetup.com/nurnberg-aws-user-group/,
317,31735435,AWS User Group Belgrade,Belgrade,RS,,exclude,https://www.meetup.com/awsugbelgrade/,
318,19473177,AWS Bulgaria User Group,Sofia,BG,,exclude,https://www.meetup.com/aws-bulgaria/,
319,32771436,AWS User Group Sarajevo,Sarajevo,BA,,exclude,https://www.meetup.com/AWS-User-Group-Sarajevo/,
320,18412861,Madrid Amazon Web Services (AWS) Meetup,Madrid,ES,,exclude,https://www.meetup.com/Madrid-Amazon-Web-Services-Meetup/,
321,2455592,Amazon Web Services - Sydney User Group,Sydney,AU,,exclude,https://www.meetup.com/aws-sydney/,
322,3843662,Amazon Web Services - Brisbane User Group,Brisbane,AU,,exclude,https://www.meetup.com/aws-brisbane/,
323,26849496,AWS User Group Aotearoa (NZ) - Christchurch Chapter,Christchurch,NZ,,exclude,https://www.meetup.com/AWSUG-Christchurch/,
324,36871124,AWS User Group Dehradun,Dehra Dun,IN,,exclude,https://www.meetup.com/aws-user-group-dehradun/,
325,16517452,AWS User Group Aotearoa (NZ) - Wellington Chapter,Wellington,NZ,,exclude,https://www.meetup.com/amazon-web-services-wellington-user-group/,
326,36374944,AWS User Group Malang,Malang,ID,,exclude,https://www.meetup.com/aws-user-group-malang/,
327,20214738,AWS User Group Cape Town,Cape Town,ZA,,exclude,https://www.meetup.com/aws-cpt/,
328,36942618,"AWS User Group Harare, Zimbabwe",Harare,ZW,,exclude,https://www.meetup.com/aws-user-group-harare-zimbabwe/,
329,34577294,AWS COMMUNITY - JORDAN,´Amman,JO,,exclude,https://www.meetup.com/aws-jordan/,
330,36938462,AWS User Group Madurai,Madurai,IN,,exclude,https://www.meetup.com/aws-user-group-madurai/,
331,26929789,"AWS User Group - North East, England",Newcastle Upon Tyne,GB,,exclude,https://www.meetup.com/aws-user-group-north-east-england/,
332,36940136,AWS User Group Indore,Indore,IN,,exclude,https://www.meetup.com/aws-user-group-indore/,
333,34460525,AWS User Group - Douala,Douala,CM,,exclude,https://www.meetup.com/awsugdouala/,
334,19678687,AWS UG Dubai,Dubai,AE,,exclude,https://www.meetup.com/aws-dubai/,
335,20204511,AWS User Group Timisoara,Timisoara,RO,,exclude,https://www.meetup.com/aws-timisoara/,
336,36761086,Silicon Valley + Santa Cruz + Hybrid AWS User Group,Santa Cruz,US,,exclude,https://www.meetup.com/santa-cruz-aws-meetup-group/,
337,18575722,AWS User Group Cologne #AWSUGCGN,Köln,DE,,exclude,https://www.meetup.com/aws-cologne/,
338,32986249,AWS User Group Surabaya,Surabaya,ID,,exclude,https://www.meetup.com/AWS-User-Group-Surabaya/,
339,2922802,AWS User Group - Milano,Milano,IT,,exclude,https://www.meetup.com/awsusergroupmilano/,
340,11338382,Amazon Web Services User Group (AWSUGHYD)  - Hyderabad,Hyderabad,IN,,exclude,https://www.meetup.com/awsughyd/,
341,36846524,AWS User Group Medan,Medan,ID,,exclude,https://www.meetup.com/aws-user-group-medan/,
342,36643015,AWS User Group Tashkent,Tashkent,UZ,,exclude,https://www.meetup.com/aws-tashkent/,
343,25059090,AWS User Group Münsterland,Münster,DE,,exclude,https://www.meetup.com/aws-usergroup-munsterland/,
344,22903265,AWS User Group Jakarta,Jakarta,ID,,exclude,https://www.meetup.com/aws-ug-jakarta/,
345,24292161,AWS User Group Valencia,Valencia,ES,,exclude,https://www.meetup.com/aws-valencia/,
346,9926112,Greater Philadelphia AWS User Group,Philadelphia,US,,exclude,https://www.meetup.com/gpawsug/,
347,17000612,AWS User Group Finland,Helsinki,FI,,exclude,https://www.meetup.com/awsfin/,
348,33096212,AWS User Group Montenegro,Podgorica,ME,,exclude,https://www.meetup.com/aws-ug-montenegro/,
349,36367074,AWS User Group Bergstrasse,Bensheim,DE,,exclude,https://www.meetup.com/aws-user-group-bergstrasse/,
350,19302360,Lyon AWS User Group - LAWS,Lyon,FR,,exclude,https://www.meetup.com/aws-lyon-amazon-web-services-user-group/,
351,26952502,Melbourne AWS Programming and Tools Meetup,Melbourne,AU,,exclude,https://www.meetup.com/Melbourne-AWS-Programming-and-Tools-Meetup/,
352,32469034,AWS Machine Learning Community: NYC,New York,US,,exclude,https://www.meetup.com/AWS-Machine-Learning-Community-NYC/,
353,33226439,AWS User Group - Coimbatore,Coimbatore,IN,,exclude,https://www.meetup.com/awsugcoimbatore/,
354,23036296,AWS User Group Alicante,Alicante,ES,,exclude,https://www.meetup.com/aws-user-group-alicante/,
355,17739302,Prague AWS User Group,Prague,CZ,,exclude,https://www.meetup.com/prague-aws-meetup/,
356,18988197,AWS Swiss User Group – Bern,Bern,CH,,exclude,https://www.meetup.com/aws-swiss-user-group-bern/,
357,18462695,AWS User Group Oslo (Norway),Oslo,NO,,exclude,https://www.meetup.com/aws-user-group-norway/,
358,10347072,AWS UserGroup Stuttgart,Stuttgart,DE,,exclude,https://www.meetup.com/aws-usergroup-stuttgart/,
359,19457480,AWS User Group - Roma,Roma,IT,,exclude,https://www.meetup.com/amazon-web-services-rome/,
360,36172585,AWS Meetup JKL,Jyväskylä,FI,,exclude,https://www.meetup.com/aws-meetup-jkl/,
361,22195670,AWS Portsmouth User Group,Portsmouth,US,,exclude,https://www.meetup.com/awspug/,
362,2128361,Melbourne AWS User Group,Melbourne,AU,,exclude,https://www.meetup.com/aws-aus/,
363,15019852,AWS Leeds User Group,Leeds,GB,,exclude,https://www.meetup.com/aws-leeds-user-group/,
364,18668286,Amazon Web Services Kansas City User Group,Kansas City,US,,exclude,https://www.meetup.com/awskcug/,
365,21306315,NW Atlanta Amazon Web Services Meetup,Smyrna,US,,exclude,https://www.meetup.com/nw-atlanta-amazon-web-services-meetup/,
366,36697056,Amazon Web Services User Group Moldova,Chisinau,MD,,exclude,https://www.meetup.com/amazon-web-services-user-group-md/,
367,29971419,AWS User Group Liverpool,Liverpool,GB,,exclude,https://www.meetup.com/AWS-User-Group-Liverpool/,
368,19790773,AWS South Wales User Group,Swansea,GB,,exclude,https://www.meetup.com/AWS-South-Wales-User-Group/,
369,23046895,AWS User Group Skåne,Malmö,SE,,exclude,https://www.meetup.com/aws-user-group-skane/,
370,14546712,AWS User Group Munich,Munich,DE,,exclude,https://www.meetup.com/aws-munich/,
371,19245612,Lille AWS (Amazon Web Services) User Group,Lille,FR,,exclude,https://www.meetup.com/Lille-AWS-Amazon-Web-Services-User-Group/,
372,9496492,Berlin AWS User Group,Berlin,DE,,exclude,https://www.meetup.com/berlinawsug/,
373,34255139,AWS User Group Armenia,Yerevan,AM,,exclude,https://www.meetup.com/aws-user-group-armenia/,
374,18724495,AWS User Group Vienna,Vienna,AT,,exclude,https://www.meetup.com/amazon-web-services-aws-vienna/,
375,20317194,AWS Swiss User Group – Zürich,Zürich,CH,,exclude,https://www.meetup.com/AWS-Swiss-User-Group-Zurich/,
376,22498035,AWS User Group Wrocław,Wroclaw,PL,,exclude,https://www.meetup.com/aws-ug-wroclaw/,
377,20805574,AWS User Group Dortmund,Dortmund,DE,,exclude,https://www.meetup.com/dortmund-aws-user-group/,
378,25991158,AWS User Group The Netherlands,Amsterdam,NL,,exclude,https://www.meetup.com/awsugnl/,
379,31540154,AWS User Group Poland Lublin,Lublin,PL,,exclude,https://www.meetup.com/aws-user-group-lublin/,
380,18865448,AWS User Group Malaysia,Kuala Lumpur,MY,,exclude,https://www.meetup.com/AWSUGMY/,
381,36763991,Auckland AWS Tools and Programming,Auckland,NZ,,exclude,https://www.meetup.com/auckland-aws-tools-meetup/,
382,19408073,AWS Utah,Lehi,US,,exclude,https://www.meetup.com/aws-utah/,
383,18084612,AWS Community Ahmedabad,Ahmedabad,IN,,exclude,https://www.meetup.com/ahmedabad-amazon-aws-cloud-meetup/,
384,23081787,AWS Guatemala,Guatemala,GT,GT,include,https://www.meetup.com/aws-guatemala/,
385,20225653,AWS Users Group Kolkata,Kolkata,IN,,exclude,https://www.meetup.com/awsugkol/,
386,36293342,AWS User Group Punjab,Amritsar,IN,,exclude,https://www.meetup.com/aws-user-group-punjab/,
387,36914402,AWS User Group Jaipur - Rajasthan,Jaipur,IN,,exclude,https://www.meetup.com/awsugjaipur/,
388,20402758,AWSKRUG - AWS한국사용자모임,Seoul,KR,,exclude,https://www.meetup.com/awskrug/,
389,36361994,Amazon Web Services - Wollongong User Group,Wollongong,AU,,exclude,https://www.meetup.com/AWS-Wollongong/,
390,36912474,AWS User Group Lahore,Lahore,PK,,exclude,https://www.meetup.com/aws-user-group-lahore/,
391,36592456,AWS User Group Bangladesh,Dhaka,BD,,exclude,https://www.meetup.com/awsugbd/,
392,9714722,Perth AWS User Group,Perth,AU,,exclude,https://www.meetup.com/amazon-web-services-user-group/,
393,36900151,AWS UG Karachi,Karachi,PK,,exclude,https://www.meetup.com/aws-ug-karachi/,
394,36699895,AWS User Group Yaounde,Yaoundé,CM,,exclude,https://www.meetup.com/aws-user-group-yaounde/,
395,36395035,AWS Cloud Security User Group - West Africa,Lagos,NG,,exclude,https://www.meetup.com/aws-cloud-security-user-group-west-africa/,
396,18837078,AWS User Group Peru,Lima,PE,PE,include,https://www.meetup.com/awsperu/,
397,36749445,AWS User Group Manizales,Manizales,CO,CO,include,https://www.meetup.com/aws-user-group-manizales/,
398,36724690,AWS Tijuana,Tijuana,MX,MX,include,https://www.meetup.com/aws-ug-tijuana/,
399,36645048,AWS UG Montevideo,Montevideo,UY,UY,include,https://www.meetup.com/aws-ug-montevideo/,
400,36567423,AWS Girls Perú,Lima,PE,PE,include,https://www.meetup.com/aws-girls-peru/,
401,23015787,AWS User Group Chile,Santiago,CL,CL,include,https://www.meetup.com/aws-user-group-chile/,
402,34052486,AWS User Group Monterrey,Monterrey,MX,MX,include,https://www.meetup.com/awsugmty/,
403,29885341,AWS User Group Jalisco,Guadalajara,MX,MX,include,https://www.meetup.com/amazon-web-services-jalisco/,
404,35955655,AWS User Group  Ecuador,Guayaquil,EC,EC,include,https://www.meetup.com/aws-ecuador/,
405,1981781,AWS User Group Buenos Aires,Buenos Aires,AR,AR,include,https://www.meetup.com/aws-user-group-buenos-aires/,
406,19492701,☁ AWS User Group - Rio Grande do Sul ☁,Porto Alegre,BR,BR,include,https://www.meetup.com/aws-ug-rs/,
407,34833437,Amazon Web Services Puerto Rico User Group,San Juan,US,PR,include,https://www.meetup.com/amazon-web-services-puerto-rico-user-group/,Meetup marca US; institución o grupo en Puerto Rico (San Juan/Mayagüez).
408,28803241,AWS User Group Goiânia,Goiania,BR,BR,include,https://www.meetup.com/aws-go/,
409,28125735,AWS User Group Medellín,Medellín,CO,CO,include,https://www.meetup.com/awsugmed/,
410,29960643,AWS User Group Blumenau,Blumenau,BR,BR,include,https://www.meetup.com/aws-usergroup-blumenau/,
411,32861735,AWS User Group Belo Horizonte,Belo Horizonte,BR,BR,include,https://www.meetup.com/awsusergroupbh/,
412,31356398,AWS User Group Ceará,Fortaleza,BR,BR,include,https://www.meetup.com/aws-users-group-ce/,
413,35929552,AWS User Group Interior SP,Itapetininga,BR,BR,include,https://www.meetup.com/aws-user-group-interior-sp/,
414,28899711,AWS User Group Caracas,Caracas,VE,VE,include,https://www.meetup.com/aws-user-group-caracas/,
415,22667715,AWS User Group Panamá,Panamá,PA,PA,include,https://www.meetup.com/AWS-User-Group-Panama/,
416,23595050,AWS User Group Campinas,Campinas,BR,BR,include,https://www.meetup.com/awscampinas/,
417,18758210,AWS User Group Rio,Rio de Janeiro,BR,BR,include,https://www.meetup.com/aws-user-group-rio/,
418,18381135,AWS User Group São Paulo,São Paulo,BR,BR,include,https://www.meetup.com/awsusergroupsp/,
419,35495980,AWS Security Users Group LatAm,Lima,PE,PE,include,https://www.meetup.com/awssecuritylatam/,
420,36461685,Patagonia AWS Cloud User Group,Neuquén,AR,AR,include,https://www.meetup.com/patagonia-aws-cloud-user-group/,
421,36451338,AWS User Group Criciúma,Criciúma,BR,BR,include,https://www.meetup.com/criciumaops/,
422,35637353,AWS Girls Chile Group,Santiago,CL,CL,include,https://www.meetup.com/aws-girls-chile-group/,
423,22991535,AWS User Group Córdoba,Córdoba,AR,AR,include,https://www.meetup.com/aws-user-group-cordoba-argentina/,
424,1367428,The bAWSton User Group,Boston,US,,exclude,https://www.meetup.com/The-Boston-Amazon-Web-Services-Meetup-Group/,
425,16373392,AWS DMV User Group,Herndon,US,,exclude,https://www.meetup.com/amazon-web-services-dmv/,
426,11161112,Montréal AWS User Group,Montréal,CA,,exclude,https://www.meetup.com/montreal-aws-users-united/,
427,35189733,AWS Women Colombia - User Group,Bogotá,CO,CO,include,https://www.meetup.com/aws-women-colombia-user-group/,
428,36431339,AWS UG Machine Learning Latam,Lima,PE,PE,include,https://www.meetup.com/aws-ug-machine-learning-latam/,
429,36431225,AWS Girls Argentina,Córdoba,AR,AR,include,https://www.meetup.com/aws-girls-argentina/,
